{
  "features": [
    "days_since_last_purchase",
    "total_past_purchases",
    "avg_order_value",
    "customer_tenure_weeks",
    "rfm_score"
  ],
  "model_coefficients": [
    -0.4218919740728531,
    0.12096719774069879,
    0.0021345948721699193,
    0.019714477173638844,
    0.018083436595999966
  ],
  "model_intercept": 1.568771034747944,
  "auc": 0.661441041544294,
  "scaler_mean": [
    68.57632281271756,
    2.615006381991181,
    439.3781126711534,
    20.119473775818054,
    9.559903689951264
  ],
  "scaler_scale": [
    73.39562951699888,
    3.2199755512169683,
    955.7642970209461,
    13.85858404744641,
    3.8100373068281694
  ]
}